listing_id,name,trade,region,website,email,status,reviews,rating
3600,Enhanced Plumbing & Gas,gasfitters,Whangārei,https://enhancedpg.co.nz/,info@enhancedpg.co.nz,skip,19,5.0
2688,Gas Fix Tauranga,gasfitters,Tauranga,https://www.gasfix.co.nz/,phil@gasfix.co.nz,skip,39,5.0
3231,Warren Plumbing Ltd,gasfitters,Hastings,http://www.warrenplumbing.co.nz/,mymail@mailservice.com,skip,45,5.0
1975,Auckland Gas & Plumbing Services,gasfitters,Auckland,https://www.aucklandgasservices.co.nz/?utm_source=Google&amp;utm_medium=my_business&amp;utm_campaign=my_business,admin@aucklandgasservices.co.nz,skip,11,5.0
2523,Rapid Plumbing and Gas ltd,gasfitters,Hamilton,http://rapidplumbingandgas.co.nz/,office@rapidplumbingandgas.co.nz,skip,14,5.0
3599,Plumbuilt Plumbing - Northland,gasfitters,Whangārei,https://www.plumbuilt.co.nz/northland,service@plumbuilt.co.nz,skip,15,4.9
3117,H & O Plumbing,gasfitters,Napier,http://www.hoplumbing.com/,astigma@astigmatic.com,skip,64,4.9
2175,Hutt Gas & Plumbing,gasfitters,Wellington,http://www.huttgas.co.nz/,605a7baede844d278b89dc95ae0a9123@sentry-next.wixpress.com,skip,240,4.9
2985,Stop leak plumbing & Drain cleaning jetters,gasfitters,Palmerston North,http://www.stopleakplumbing.nz/,office@stopleakplumbing.nz,skip,96,4.9
1973,Laser Plumbing Grey Lynn,gasfitters,Auckland,https://laserplumbinggreylynn.co.nz/,greylynn@laserplumbing.co.nz,skip,771,4.9
3326,Laser Plumbing and Electrical New Plymouth,gasfitters,New Plymouth,http://schema.org/Place,,no_email,239,4.9
4460,Laser Plumbing Wanganui,gasfitters,Whanganui,https://www.laserplumbingwanganui.co.nz/,wanganui@laserplumbing.co.nz,skip,99,4.8
3474,Foleys | Rotorua,gasfitters,Rotorua,http://schema.org/Place,,no_email,141,4.8
1974,Sullivan Plumbing and Gas Fitting,gasfitters,Auckland,https://www.sullivanplumbing.co.nz/,admin@sullivanplumbing.co.nz,skip,211,4.8
2335,Whitehead Plumbing & Gas,gasfitters,Christchurch,http://www.whiteheadplumbing.co.nz/,info@whiteheadplumbing.co.nz,skip,244,4.7
2336,Clyne & Bennie Plumbing & Electrical,gasfitters,Christchurch,http://schema.org/Place,,no_email,735,4.7
2337,Walton Plumbing Christchurch,gasfitters,Christchurch,http://schema.org/Place,,no_email,368,4.7
2338,Foleys | Christchurch,gasfitters,Christchurch,http://schema.org/Place,,no_email,536,4.7
4287,Inspire Plumbing and Drainage LTD,gasfitters,Porirua,http://www.inspireplumbing.co.nz/,info@inspireplumbing.co.nz,skip,85,4.7
4357,Energy Plumbing & Gas,gasfitters,Gisborne,http://schema.org/Place,,no_email,9,4.9
2853,"Adams Plumbing, Drainage, Electrical and Gas Fitting",gasfitters,Dunedin,http://www.adamsnz.com/,service@adamsnz.com,skip,116,4.6
3876,Gasco South Island Limited,gasfitters,Queenstown,http://gasco.net.nz/,info@gasco.co.nz,skip,6,5.0
1033,Whanganui Gas & Heating,gasfitters,Whanganui,http://schema.org/Place,,no_email,0,5.0
898,Dunedin Gas Services,gasfitters,Dunedin,http://schema.org/Place,,no_email,0,5.0
900,Otago Gas Co,gasfitters,Dunedin,http://schema.org/Place,,no_email,0,5.0
908,Certified Gas Gisborne,gasfitters,Gisborne,http://schema.org/Place,,no_email,0,5.0
918,Gas Right Hamilton,gasfitters,Hamilton,http://schema.org/Place,,no_email,0,5.0
972,Precision Gas New Plymouth,gasfitters,New Plymouth,http://schema.org/Place,,no_email,0,5.0
1004,Precision Gas Rotorua,gasfitters,Rotorua,http://schema.org/Place,,no_email,0,5.0
1032,Certified Gas Whanganui,gasfitters,Whanganui,http://schema.org/Place,,no_email,0,4.9
1034,Whanganui Gas Services,gasfitters,Whanganui,http://schema.org/Place,,no_email,0,4.9
1037,Whangarei Gas Services,gasfitters,Whangārei,http://schema.org/Place,,no_email,0,4.9
879,Precision Gas Auckland,gasfitters,Auckland,http://schema.org/Place,,no_email,0,4.9
880,Quality Gasfitting Auckland,gasfitters,Auckland,http://schema.org/Place,,no_email,0,4.9
881,NZ Gas Specialists,gasfitters,Auckland,http://schema.org/Place,,no_email,0,4.9
882,Auckland Gas Co,gasfitters,Auckland,https://aucklandgascompany.co.nz/,your@email.com,skip,0,4.9
885,Christchurch Gasfitting & Plumbing,gasfitters,Christchurch,http://schema.org/Place,,no_email,0,4.9
895,Pro Gas Dunedin,gasfitters,Dunedin,http://schema.org/Place,,no_email,0,4.9
906,Gisborne Gas & Heating,gasfitters,Gisborne,http://schema.org/Place,,no_email,0,4.9
923,Quality Gasfitting Hawke's Bay,gasfitters,Hastings,http://schema.org/Place,,no_email,0,4.9
924,Hastings Gas Services,gasfitters,Hastings,http://schema.org/Place,,no_email,0,4.9
948,Certified Gas Napier,gasfitters,Napier,http://schema.org/Place,,no_email,0,4.9
960,Precision Gas Nelson,gasfitters,Nelson,http://schema.org/Place,,no_email,0,4.9
964,New Plymouth Gasfitting & Plumbing,gasfitters,New Plymouth,http://schema.org/Place,,no_email,0,4.9
979,Palmerston North Gas & Heating,gasfitters,Palmerston North,http://schema.org/Place,,no_email,0,4.9
1003,Rotorua Gas & Heating,gasfitters,Rotorua,http://schema.org/Place,,no_email,0,4.9
1013,Upper Hutt Gas & Heating,gasfitters,Upper Hutt,https://upperhuttplumbing.com/,samuelhowell247@gmail.com,skip,0,4.9
1014,Pro Gas Upper Hutt,gasfitters,Upper Hutt,http://schema.org/Place,,no_email,0,4.9
1016,Precision Gas Upper Hutt,gasfitters,Upper Hutt,http://schema.org/Place,,no_email,0,4.9
1023,Precision Gas Wellington,gasfitters,Wellington,http://schema.org/Place,,no_email,0,4.9
1025,Wellington Gas Services,gasfitters,Wellington,http://schema.org/Place,,no_email,0,4.8
1030,Pro Gas Whanganui,gasfitters,Whanganui,http://schema.org/Place,,no_email,0,4.8
876,Auckland Gasfitting & Plumbing,gasfitters,Auckland,http://schema.org/Place,,no_email,0,4.8
877,Auckland Gas & Heating,gasfitters,Auckland,http://schema.org/Place,,no_email,0,4.8
888,Quality Gasfitting Canterbury,gasfitters,Christchurch,http://schema.org/Place,,no_email,0,4.8
891,Certified Gas Christchurch,gasfitters,Christchurch,http://schema.org/Place,,no_email,0,4.8
893,Gas Right Christchurch,gasfitters,Christchurch,http://schema.org/Place,,no_email,0,4.8
899,Certified Gas Dunedin,gasfitters,Dunedin,http://schema.org/Place,,no_email,0,4.8
905,Quality Gasfitting Gisborne,gasfitters,Gisborne,http://schema.org/Place,,no_email,0,4.8
914,Precision Gas Hamilton,gasfitters,Hamilton,http://schema.org/Place,,no_email,0,4.8
935,Invercargill Gasfitting & Plumbing,gasfitters,Invercargill,http://schema.org/Place,,no_email,0,4.8
938,Invercargill Gas & Heating,gasfitters,Invercargill,http://schema.org/Place,,no_email,0,4.8
939,Pro Gas Lower Hutt,gasfitters,Lower Hutt,http://schema.org/Place,,no_email,0,4.8
944,Lower Hutt Gasfitting & Plumbing,gasfitters,Lower Hutt,http://schema.org/Place,,no_email,0,4.8
955,Nelson Gas Services,gasfitters,Nelson,http://schema.org/Place,,no_email,0,4.8
966,New Plymouth Gas Services,gasfitters,New Plymouth,http://schema.org/Place,,no_email,0,4.8
968,Gas Right New Plymouth,gasfitters,New Plymouth,http://schema.org/Place,,no_email,0,4.8
971,New Plymouth Gas & Heating,gasfitters,New Plymouth,http://schema.org/Place,,no_email,0,4.8
990,Queenstown Gasfitting & Plumbing,gasfitters,Queenstown,http://schema.org/Place,,no_email,0,4.8
992,Gas Right Queenstown,gasfitters,Queenstown,http://schema.org/Place,,no_email,0,4.8
996,Rotorua Gasfitting & Plumbing,gasfitters,Rotorua,http://schema.org/Place,,no_email,0,4.8
998,Rotorua Gas Services,gasfitters,Rotorua,http://schema.org/Place,,no_email,0,4.8
1005,Precision Gas Tauranga,gasfitters,Tauranga,http://schema.org/Place,,no_email,0,4.8
1008,Certified Gas Tauranga,gasfitters,Tauranga,http://schema.org/Place,,no_email,0,4.8
1009,Gas Right Tauranga,gasfitters,Tauranga,http://schema.org/Place,,no_email,0,4.8
1010,Tauranga Gas Services,gasfitters,Tauranga,http://schema.org/Place,,no_email,0,4.8
1015,Upper Hutt Gasfitting & Plumbing,gasfitters,Upper Hutt,http://schema.org/Place,,no_email,0,4.8
1035,Whangarei Gasfitting & Plumbing,gasfitters,Whangārei,http://schema.org/Place,,no_email,0,4.7
2562,Dream Doors Kitchens & Bathrooms Waikato,kitchen-renovators,Hamilton,https://www.dreamdoorskitchens.com/contact-us-kitchen-company/waikato/?utm_franchise=waikato&amp;UTM_source=GMB_listing&amp;UTM_medium=organic,Jason@DreamDoors.co.nz,skip,41,5.0
4134,Master Kitchens and Bathrooms,kitchen-renovators,Lower Hutt,https://masterkitchensandbathrooms.co.nz/,info@masterkitchensandbathrooms.co.nz,skip,12,5.0
3626,Next Edition Kitchens LTD,kitchen-renovators,Whangārei,http://www.whangareikitchens.nz/,sales@nexteditionkitchens.com,skip,14,5.0
3627,Hargood Renovations & Extensions,kitchen-renovators,Whangārei,http://www.hargoodrenovationsandextensions.co.nz/,support@hargoodbuilders.co.nz,skip,12,5.0
3145,Burley Kitchens & Cabinetry Ltd,kitchen-renovators,Napier,http://www.burleykitchens.co.nz/,sales@burleykitchens.co.nz,skip,30,5.0
2384,Christchurch Renovations Limited,kitchen-renovators,Christchurch,https://www.chchrenovations.nz/,user@domain.com,skip,37,5.0
4477,Stella Design Co,kitchen-renovators,Whanganui,http://www.stelladesign.co.nz/,user@domain.com,skip,15,5.0
4231,Ace Kitchens & Laminates,kitchen-renovators,Upper Hutt,https://www.acekitchensandlaminates.co.nz/,user@domain.com,skip,23,5.0
2213,All About Kitchens and Bathrooms-Bespoke By design,kitchen-renovators,Wellington,http://schema.org/Place,,no_email,46,5.0
2730,Dream Doors Kitchens Tauranga,kitchen-renovators,Tauranga,https://www.dreamdoors.co.nz/contact-us-kitchen-company/tauranga/?UTM_source=GMB,Dan.Sheridan@DreamDoors.co.nz,skip,61,5.0
2732,Crystal Kitchens and interior,kitchen-renovators,Tauranga,https://crystalk.co.nz/services/top-kitchen-cabinet-designs-tauranga/,sales@cfctauranga.co.nz,skip,85,5.0
3016,Smith & Sons Renovations & Extensions - Manawatu,kitchen-renovators,Palmerston North,https://www.smithandsons.co.nz/renovation-builder/manawatu-537/,Nz.hq@smithandsons.co.nz,skip,68,5.0
3017,Alteration Specialists Manawatu Limited,kitchen-renovators,Palmerston North,http://www.alterationspecialists.co.nz/,justin@asml.co.nz,skip,85,5.0
2023,The Renovation Team Ltd,kitchen-renovators,Auckland,https://therenovationteam.co.nz/,info@therenovationteam.co.nz,skip,93,5.0
2025,Yourtradie Build,kitchen-renovators,Auckland,http://schema.org/Place,,no_email,36,5.0
4133,Supremo Kitchens,kitchen-renovators,Lower Hutt,https://www.supremokitchens.co.nz/,info@supremokitchens.co.nz,skip,20,4.9
2885,Ezy Kitchens Dunedin,kitchen-renovators,Dunedin,http://schema.org/Place,,no_email,46,4.9
2385,Dream Doors Kitchens Christchurch,kitchen-renovators,Christchurch,https://www.dreamdoors.co.nz/contact-us-kitchen-company/christchurch/?UTM_source=GMB,Adrian@DreamDoors.co.nz,skip,86,4.9
2386,Kiwi Kitchens,kitchen-renovators,Christchurch,http://kiwikitchens.co.nz/,showroom@kiwikitchens.co.nz,skip,46,4.9
2387,Evoke Bathrooms and Kitchens,kitchen-renovators,Christchurch,http://www.evoke-reno.co.nz/,aw@evoke-reno.co.nz,skip,56,4.9
2214,Dream Doors Kitchens Wellington,kitchen-renovators,Wellington,https://www.dreamdoorskitchens.com/contact-us-kitchen-company/wellington/?UTM_source=GMB,indu@dreamdoors.co.nz,skip,48,4.9
2215,Refresh Renovations Wellington - Lia Boersma,kitchen-renovators,Wellington,https://www.refreshrenovations.co.nz/people/renovation-specialists-wellington-lia-boersma?utm_source=directory&amp;utm_medium=Google+Business+Listing+Lia+Boersma&amp;utm_campaign=Lia+Boersma,yourfriend@email.com,skip,27,4.9
2729,Facelift Kitchens - Kitchen Renovations Tauranga,kitchen-renovators,Tauranga,http://www.faceliftkitchens.co.nz/,info@faceliftkitchens.co.nz,skip,120,4.9
2731,Kitchens R Us Tauranga,kitchen-renovators,Tauranga,http://schema.org/Place,,no_email,127,4.9
4019,Blacktan design,kitchen-renovators,Invercargill,http://www.blacktan.co.nz/,mathew@blacktan.co.nz,skip,21,4.9
3015,Refresh Renovations Manawatu,kitchen-renovators,Palmerston North,https://www.refreshrenovations.co.nz/locations/manawatu?utm_source=directory&amp;utm_medium=N4+Google+Business+Listing&amp;utm_campaign=Wayne+Gordon,yourfriend@email.com,skip,105,4.9
2563,The Kitchen Designers,kitchen-renovators,Hamilton,http://www.thekitchendesigner.co.nz/,info@thekitchendesigner.co.nz,skip,93,4.8
4135,Mastercraft Kitchens Wellington by Your Kitchen Ltd,kitchen-renovators,Lower Hutt,http://schema.org/Place,,no_email,27,4.8
4136,Perfect Order Kitchen Design,kitchen-renovators,Lower Hutt,http://www.perfectorder.co.nz/,karen@perfectorder.co.nz,skip,18,4.8
2216,Wilson Kitchens,kitchen-renovators,Wellington,https://www.wilsonkitchens.co.nz/,sales@wilsonkitchens.co.nz,skip,21,4.8
2217,Refresh Renovations Porirua and Wellington - Jenelle Winstanley & Mark Morrison,kitchen-renovators,Wellington,https://www.refreshrenovations.co.nz/about-us/locations/wellington?utm_source=directory&amp;utm_medium=Google+Business+Listing&amp;utm_campaign=Mark+Morrison,yourfriend@email.com,skip,51,4.8
3498,Interior Fittings Ltd,kitchen-renovators,Rotorua,https://www.interior.co.nz/,,no_email,23,4.8
3773,Ezy Kitchens Nelson,kitchen-renovators,Nelson,http://schema.org/Place,,no_email,33,4.8
3775,The Sellers Room,kitchen-renovators,Nelson,http://www.thesellersroom.co.nz/,design@thesellersroom.co.nz,skip,19,4.8
2024,Kitchens By Design - Newmarket Showroom,kitchen-renovators,Auckland,http://kitchensbydesign.co.nz/,hello@kitchensbydesign.co.nz,skip,19,4.8
3902,Inspire Kitchens - Queenstown,kitchen-renovators,Queenstown,https://www.inspirekitchens.co.nz/,sales@inspirekitchens.co.nz,skip,9,5.0
2886,Kitchens Revamped,kitchen-renovators,Dunedin,https://www.kitchensrevamped.co.nz/,,no_email,19,4.7
4232,Crafted Spaces,kitchen-renovators,Upper Hutt,https://www.craftedspaces.nz/,,no_email,20,4.7
2733,Kitchen Studio - Tauranga,kitchen-renovators,Tauranga,http://schema.org/Place,,no_email,36,4.7
4018,Smith & Sons Renovations & Extensions - Invercargill,kitchen-renovators,Invercargill,https://www.smithandsons.co.nz/renovation-builder/invercargill-1744/,Nz.hq@smithandsons.co.nz,skip,11,4.7
3772,Refresh Renovations Nelson Tasman,kitchen-renovators,Nelson,https://www.refreshrenovations.co.nz/people/renovations-nelson-gary-warner?utm_source=directory&amp;utm_medium=N4+Google+Business+Listing&amp;utm_campaign=Gary+Warner,yourfriend@email.com,skip,16,4.7
3774,The Renovators Nelson Ltd,kitchen-renovators,Nelson,https://www.therenovators.co.nz/,office@therenovators.co.nz,skip,10,4.7
3018,Mastercraft Kitchens by Healey - Palmerston North,kitchen-renovators,Palmerston North,https://kitchens.mastercraft.co.nz/licensee/mastercraft-kitchens-palmerston-north,,no_email,39,4.7
2026,Superior Renovations,kitchen-renovators,Auckland,https://superiorrenovations.co.nz/,admin@superiorrenovations.co.nz,skip,186,4.7
4301,Wellington Kitchen & Bathroom Co,kitchen-renovators,Porirua,http://www.wkbc.co.nz/,wkbcwgtn@gmail.com,skip,9,4.9
3360,elite kitchens,kitchen-renovators,New Plymouth,http://www.elitekitchens.net/,,no_email,39,4.6
2887,Kitchen Studio - Dunedin,kitchen-renovators,Dunedin,http://schema.org/Place,,no_email,25,4.6
3499,Bradbrook Design,kitchen-renovators,Rotorua,http://www.bradbrookdesign.com/,user@domain.com,skip,8,5.0
3361,Kitchen Studio - New Plymouth,kitchen-renovators,New Plymouth,http://schema.org/Place,,no_email,14,4.5
4478,The Renovators Centre,kitchen-renovators,Whanganui,https://www.therenovatorscentre.co.nz/,renowg@xtra.co.nz,skip,79,4.5
3628,S2F Kitchens,kitchen-renovators,Whangārei,http://s2fkitchens.co.nz/,contact@s2fkitchens.co.nz,sent,7,4.9
4302,Wayde Beckman Kitchen Design,kitchen-renovators,Porirua,http://www.waydebeckmandesign.co.nz/,wayde@waydebeckmandesign.co.nz,sent,6,5.0
3362,Rowson Kitchen And Joinery,kitchen-renovators,New Plymouth,https://www.rowsonkitchens.co.nz/,showroom@rowsonkitchens.co.nz,sent,5,5.0
4233,Crown kitchens,kitchen-renovators,Upper Hutt,http://schema.org/Place,,no_email,3,5.0
4381,Vogue Kitchens,kitchen-renovators,Gisborne,http://schema.org/Place,,no_email,2,5.0
3363,In House Kitchens - Aaron Rennie,kitchen-renovators,New Plymouth,http://www.inhousekitchens.co.nz/,office.inhousekitchens@gmail.com,sent,2,5.0
2564,Combined Trade Services - CTSWaikato,bathroom-renovators,Hamilton,https://ctswaikato.co.nz/,,no_email,57,5.0
3364,Profound Group,bathroom-renovators,New Plymouth,https://www.profoundgroup.co.nz/,,no_email,23,5.0
3365,Callaghan Construction Ltd,bathroom-renovators,New Plymouth,https://callaghanconstruction.co.nz/,finn@callaghanconstruction.nz,sent,13,5.0
4137,Bathroom Solutions 2000,bathroom-renovators,Lower Hutt,http://www.bathroomsolutions2000.co.nz/,user@domain.com,skip,21,5.0
3903,Smith & Sons Renovations & Extensions,bathroom-renovators,Queenstown,https://www.smithandsons.co.nz/renovation-builder/queenstown/,Nz.hq@smithandsons.co.nz,skip,25,5.0
3905,Toitoi Residential - Queenstown Builders,bathroom-renovators,Queenstown,https://www.toitoiresidential.co.nz/,info@toitoiresidential.co.nz,sent,14,5.0
2888,Lanark,bathroom-renovators,Dunedin,https://lanark.nz/,user@domain.com,skip,40,5.0
2889,Connor Jones Group Ltd,bathroom-renovators,Dunedin,https://connorjones.co.nz/,admin@connorjones.co.nz,sent,18,5.0
2388,L&B Bathroom Renovations Christchurch,bathroom-renovators,Christchurch,http://schema.org/Place,,no_email,49,5.0
2390,Mosaic Bathroom Renovations,bathroom-renovators,Christchurch,http://schema.org/Place,,no_email,29,5.0
2218,Supreme Bathrooms,bathroom-renovators,Wellington,https://www.supremebathrooms.co.nz/,andrew@supremebathrooms.co.nz,sent,10,5.0
2734,Elite Makeovers,bathroom-renovators,Tauranga,https://www.elitemakeovers.co.nz/,admin@elitemakeovers.co.nz,sent,25,5.0
2735,Smith & Sons Renovations & Extensions Tauranga,bathroom-renovators,Tauranga,http://schema.org/Place,,no_email,20,5.0
3776,The Custom Creative,bathroom-renovators,Nelson,http://www.thecustomcreative.co.nz/,,no_email,16,5.0
2027,E J Building,bathroom-renovators,Auckland,http://www.ejbuilding.co.nz/,user@domain.com,skip,122,5.0
2028,Ideal Renovations Auckland,bathroom-renovators,Auckland,http://www.idealrenovations.nz/,info@idealrenovations.nz,sent,68,5.0
4479,"Rivercity Building and Aluminium, Aluminum Window and Door Supplier",bathroom-renovators,Whanganui,https://www.rivercityaluminium.co.nz/,,no_email,73,4.9
2736,Refresh Renovations Tauranga - Sharon Giblett,bathroom-renovators,Tauranga,https://www.refreshrenovations.co.nz/people/renovation-tauranga-sharon-giblett?utm_source=directory&amp;utm_medium=Google+Business+Listing&amp;utm_campaign=Sharon+Giblett+Tauranga,yourfriend@email.com,skip,24,4.9
2029,Bathrooms in Auckland,bathroom-renovators,Auckland,http://schema.org/Place,,no_email,29,4.9
2389,Butterfield Bathroom Renovations,bathroom-renovators,Christchurch,https://www.butterfieldbathrooms.co.nz/,design@butterfield.co.nz,sent,64,4.8
2737,Premiere Showers,bathroom-renovators,Tauranga,http://www.premiereshowers.co.nz/,info@premiereshowers.co.nz,sent,65,4.8
4021,Phoenix Services limited,bathroom-renovators,Invercargill,http://www.phoenixservices.co.nz/,office@phoenixservices.co.nz,sent,201,4.8
3019,"Heatrite - Plumbing, Bathroom, Heating & Cooling",bathroom-renovators,Palmerston North,http://heatrite.co.nz/,heatrite@heatrite.co.nz,sent,384,4.8
2219,Refresh Renovations Wellington - Nick Leko,bathroom-renovators,Wellington,https://www.refreshrenovations.co.nz/people/renovations-wellington-nick-leko?utm_source=directory&amp;utm_medium=N4+Google+Business+Listing+Nick+Leko&amp;utm_campaign=Nick+Leko,yourfriend@email.com,skip,22,4.5
3629,Pai Projects - Builder Whangārei,bathroom-renovators,Whangārei,http://www.paiprojects.co.nz/,support@webador.com,sent,6,5.0
4020,Peter Clay - Builder,bathroom-renovators,Invercargill,http://www.peterclaybuilder.co.nz/,,no_email,4,5.0
2566,Refresh Renovations Waikato,bathroom-renovators,Hamilton,http://schema.org/Place,,no_email,3,5.0
3904,Designa Tiles & Bathrooms Queenstown,bathroom-renovators,Queenstown,https://www.designatiles.co.nz/,Michelle@designatiles.co.nz,sent,3,5.0
2565,Pro Hamilton Bathroom Renovations Ltd,bathroom-renovators,Hamilton,http://schema.org/Place,,no_email,1,5.0
3366,Simmark Construction and Painting,bathroom-renovators,New Plymouth,http://schema.org/Place,,no_email,1,5.0
2560,Bart's Tree Services Ltd,arborists,Hamilton,http://bartstrees.co.nz/,bart@bartstrees.co.nz,sent,16,5.0
2561,TKO Tree Works,arborists,Hamilton,https://tkotreeworks.co.nz/,info@tkotreeworks.co.nz,sent,20,5.0
4376,Treemarkables,arborists,Gisborne,http://www.treemarkables.co.nz/,quotes@treemarkables.nz,sent,56,5.0
3356,High Frontiers Tree Specialists,arborists,New Plymouth,https://www.highfrontiers.co.nz/,contact@highfrontiers.co.nz,sent,27,5.0
3357,Tree Machine Services.,arborists,New Plymouth,http://www.treemachine.co.nz/,info@treemachine.co.nz,sent,99,5.0
3359,EUCY Tree Care & Landscapes Ltd,arborists,New Plymouth,http://schema.org/Place,,no_email,67,5.0
4130,TreeAngels,arborists,Lower Hutt,https://treeangels.co.nz/,contact@sansoxygen.com,sent,16,5.0
4131,Leaves & Trees Ltd,arborists,Lower Hutt,https://www.leavesandtrees.co.nz/,admin@leavesandtrees.co.nz,sent,60,5.0
3623,T8 Group Limited (Tree Services),arborists,Whangārei,https://www.t8treeservices.co.nz/,info@t8.co.nz,sent,69,5.0
3624,Glenn Taylor Tree Service ltd,arborists,Whangārei,https://www.whangareiarborist.co.nz/,treedr001@gmail.com,sent,20,5.0
3899,Treesolutionz,arborists,Queenstown,http://schema.org/Place,,no_email,11,5.0
2884,Treeman,arborists,Dunedin,https://www.treeman.co.nz/,info@treeman.co.nz,sent,24,5.0
3143,AOC Tree Care LTD,arborists,Napier,http://www.aoctreecare.co.nz/,user@domain.com,skip,29,5.0
2380,Alex The Arborist Ltd,arborists,Christchurch,https://www.alexthearborist.co.nz/,user@domain.com,skip,36,5.0
2381,Tree Medic Ltd,arborists,Christchurch,http://treemedic.co.nz/,605a7baede844d278b89dc95ae0a9123@sentry-next.wixpress.com,skip,133,5.0
2382,Canterbury Tree Experts,arborists,Christchurch,http://schema.org/Place,,no_email,70,5.0
2383,Garden and Tree Men,arborists,Christchurch,http://schema.org/Place,,no_email,300,5.0
4227,Branching Out Wellington Ltd,arborists,Upper Hutt,http://schema.org/Place,,no_email,71,5.0
4228,Totally Stumped,arborists,Upper Hutt,https://totallystumped.co.nz/,steve@totallystumped.co.nz,sent,117,5.0
2210,Reid's Trees Ltd,arborists,Wellington,http://www.reidstrees.co.nz/,reidstrees@gmail.com,sent,47,5.0
2211,Arbormedic Tree Services,arborists,Wellington,http://schema.org/Place,,no_email,31,5.0
2212,R&J Tree Service,arborists,Wellington,http://schema.org/Place,,no_email,37,5.0
2724,Eden Trees Professional Arborist,arborists,Tauranga,http://www.edentrees.co.nz/,nathan@edentrees.co.nz,sent,192,5.0
2725,"SG Trees, Tauranga BOP",arborists,Tauranga,https://www.sgtrees.co.nz/,user@domain.com,skip,250,5.0
2726,Better Trees Bay of Plenty | Arborist,arborists,Tauranga,https://bettertreesbop.nz/,harveyarbory@gmail.com,sent,47,5.0
2727,Tauranga Tree Services,arborists,Tauranga,https://taurangatreeservices.co.nz/,admin@taurangatreeservices.co.nzHours,sent,30,5.0
3495,Treeman Tree Services,arborists,Rotorua,https://www.treemantreeservices.co.nz/,treemantrees@outlook.com,sent,105,5.0
2728,Evelyn Tree Services,arborists,Tauranga,https://www.evelyntreeservices.co.nz/,evelyntreeservices@gmail.com,sent,215,5.0
3496,Rotorua Tree Experts Ltd,arborists,Rotorua,http://www.arborist.co.nz/,treework@arborist.co.nz,sent,41,5.0
3247,EcoTree Care - Hawkes Bay,arborists,Hastings,https://www.ecotree.co.nz/,info@indiantypefoundry.com,sent,18,5.0
4016,Kahoots Tree Solutions,arborists,Invercargill,https://www.kahoots.co.nz/,isaiah@kahoots.co.nz,sent,14,5.0
3768,That Tree Guy,arborists,Nelson,https://www.thattreeguy.co.nz/,user@domain.com,skip,94,5.0
4300,Wellington Arborists Limited,arborists,Porirua,https://www.wal.kiwi/,user@domain.com,skip,32,5.0
2020,Todd Haskell Arborist,arborists,Auckland,https://toddhaskellarborist.co.nz/,todd@toddhaskellarborist.co.nz,sent,66,5.0
2558,Triggers Trees and Hedges,arborists,Hamilton,http://www.triggerstrees.nz/,info@triggerstrees.nz,sent,45,5.0
2559,Apex Arborists,arborists,Hamilton,http://www.apexarborists.co.nz/,info@apexarborists.co.nz,sent,79,5.0
4129,Beaver Tree Service,arborists,Lower Hutt,https://beavertree.co.nz/,office@beavertree.co.nz,sent,70,4.9
2379,The Tree Guys Christchurch Ltd,arborists,Christchurch,http://schema.org/Place,,no_email,232,4.9
4474,Rivercity Tree Services Ltd,arborists,Whanganui,http://schema.org/Place,,no_email,39,4.9
4229,Crosscut Treework Ltd,arborists,Upper Hutt,https://www.crosscut.kiwi/,,no_email,15,4.9
3497,A.N. Arborist,arborists,Rotorua,https://www.anarborist.co.nz/,anthonyknitz@gmail.com,sent,17,4.9
3769,Atom Tree Arborists Nelson,arborists,Nelson,http://www.atomtreespecialists.co.nz/,info@atomtreespecialists.co.nz,sent,23,4.9
3013,All-Tree Services(2010)Ltd,arborists,Palmerston North,http://www.alltreeservices.co.nz/,info@alltreeservices.co.nz,sent,48,4.9
2019,DS Trees - Tree Removal Auckland,arborists,Auckland,https://www.dstrees.co.nz/,info@dstrees.co.nz,sent,407,4.9
2021,Pro Climb Tree Care,arborists,Auckland,https://www.proclimb.co.nz/,info@proclimb.co.nz,sent,166,4.9
2022,Tree King,arborists,Auckland,https://treeking.co.nz/,quotes@treeking.co.nz,sent,292,4.9
2557,Honest Tree Work - Complete Tree Services,arborists,Hamilton,http://www.honesttreework.co.nz/,user@domain.com,skip,34,4.9
2018,Tree Fellas Limited,arborists,Auckland,https://www.treefellas.co.nz/?utm_source=Google&amp;utm_medium=GMB,user@domain.com,skip,285,4.8
4378,Roberts Tree Surgeons,arborists,Gisborne,http://www.robertstreesurgeons.co.nz/,accounts@rtsl.co.nz,sent,9,5.0
3014,Guardian Tree & Landscape Services,arborists,Palmerston North,http://schema.org/Place,,no_email,41,4.7
3358,Treepro Taranaki Ltd,arborists,New Plymouth,http://www.treeprotaranaki.co.nz/,cameron@treeprotaranaki.co.nz,sent,9,4.9
3901,Trees Company,arborists,Queenstown,http://schema.org/Place,,no_email,8,5.0
3771,Dwyer & Bird Urban Tree Management Ltd,arborists,Nelson,http://www.dwyerandbird.com/,,no_email,15,4.5
4473,Monkey Business Tree Care Ltd,arborists,Whanganui,https://www.monkeybusinessnz.com/,user@domain.com,skip,7,5.0
4377,ArborCare Tree Company,arborists,Gisborne,http://schema.org/Place,,no_email,6,5.0
3625,TreeGuyz NZ Ltd,arborists,Whangārei,http://www.treeguyz.co.nz/,treeguyz@outlook.com,sent,6,5.0
4476,Stumpies Services Ltd,arborists,Whanganui,http://schema.org/Place,,no_email,5,5.0
3900,JM TREEWORK,arborists,Queenstown,http://www.jmtreework.co.nz/,info@jmwurx.co.nz,sent,5,4.8
4379,Advanced Tree Solutions,arborists,Gisborne,https://advanced-treesolutions.com/,,no_email,4,5.0
3144,East Coast Stump Grinders,arborists,Napier,,,no_website,4,5.0
4475,Tree Truck Ltd,arborists,Whanganui,,,no_website,4,5.0
3770,arbprocare,arborists,Nelson,,,no_website,4,5.0
4230,Down to Earth Tree Services,arborists,Upper Hutt,,,no_website,3,5.0
4017,AWL Tree Services (2013) Limited,arborists,Invercargill,,,no_website,3,5.0
4380,Jim's Trees Gisborne,arborists,Gisborne,,,no_website,1,5.0
4132,AA Tree Services,arborists,Lower Hutt,,,no_website,1,5.0
4612,Palmworks,arborists,Nelson,,,no_website,205,5.0
4615,Trees by Russ,arborists,Nelson,,,no_website,46,5.0
2568,Sun Softwash Hamilton (SSW),pest-controllers,Hamilton,,,no_website,79,5.0
4138,Pestproof Pest Control,pest-controllers,Lower Hutt,,,no_website,43,5.0
3907,clean2restore - Spider spraying & Window cleaning,pest-controllers,Queenstown,,,no_website,12,5.0
2220,Pestproof Pest Control Incorporating Antman,pest-controllers,Wellington,,,no_website,28,5.0
2221,Total Pest Control,pest-controllers,Wellington,,,no_website,53,5.0
3501,Positive pest Control Rotorua New Zealand,pest-controllers,Rotorua,,,no_website,10,5.0
2222,Exit Pest Control,pest-controllers,Wellington,,,no_website,47,5.0
2223,Combat Pest Control NZ,pest-controllers,Wellington,,,no_website,448,5.0
4022,Affordable pest solutions LTD,pest-controllers,Invercargill,,,no_website,39,5.0
4023,Beastie Busters,pest-controllers,Invercargill,,,no_website,14,5.0
3777,JAE Pest Control & Borer Specialists Nelson Tasman,pest-controllers,Nelson,,,no_website,45,5.0
3020,The Pestman,pest-controllers,Palmerston North,,,no_website,10,5.0
2031,NZ Pest Control - Auckland,pest-controllers,Auckland,,,no_website,372,5.0
2567,Rentokil Pest Control Hamilton,pest-controllers,Hamilton,,,no_website,143,4.9
4234,CombatKiwi Pest Control,pest-controllers,Upper Hutt,,,no_website,31,4.9
3500,Proactive Pest Solutions Rotorua,pest-controllers,Rotorua,,,no_website,40,4.9
2033,ALPHAPEST | Expert Pest Control | Auckland,pest-controllers,Auckland,,,no_website,179,4.9
3630,Enviropro Pest Management Northland,pest-controllers,Whangārei,,,no_website,151,4.8
2890,Pest Specialists Pest Control Dunedin,pest-controllers,Dunedin,,,no_website,12,4.8
2891,Rentokil Dunedin,pest-controllers,Dunedin,,,no_website,58,4.8
2391,Elite Pest & Insect Control Ltd (EPIC),pest-controllers,Christchurch,,,no_website,287,4.8
2392,Flick Pest Control Christchurch,pest-controllers,Christchurch,,,no_website,100,4.8
2393,Rentokil Christchurch,pest-controllers,Christchurch,,,no_website,104,4.8
2394,Essential Pest Control Limited,pest-controllers,Christchurch,,,no_website,28,4.8
2395,Pest Control Christchurch,pest-controllers,Christchurch,,,no_website,44,4.8
2224,Rentokil Wellington,pest-controllers,Wellington,,,no_website,33,4.8
2030,pest control auckland - ACES pest control,pest-controllers,Auckland,,,no_website,450,4.8
4382,East Coast Pest and Property,pest-controllers,Gisborne,,,no_website,9,5.0
2741,Ecomist Bay of Plenty,pest-controllers,Tauranga,,,no_website,9,5.0
2738,Flick Pest Control Tauranga,pest-controllers,Tauranga,,,no_website,83,4.7
4303,Kwikill Pest Control,pest-controllers,Porirua,,,no_website,22,4.7
2032,PCS - Pest Control Ltd,pest-controllers,Auckland,,,no_website,69,4.7
2892,Pest-Gone Services Ltd,pest-controllers,Dunedin,,,no_website,14,4.6
3502,Alpeco Ltd - Alternative Pest Control Rotorua,pest-controllers,Rotorua,,,no_website,39,4.6
3368,PestAway NZ Ltd,pest-controllers,New Plymouth,,,no_website,26,4.5
4139,Best Pest Control,pest-controllers,Lower Hutt,,,no_website,25,4.5
4024,Fly & Spider Control Limited,pest-controllers,Invercargill,,,no_website,13,4.5
3022,Clearview Property Care,pest-controllers,Palmerston North,,,no_website,47,4.5
3367,Ecomist Taranaki,pest-controllers,New Plymouth,,,no_website,7,4.9
3147,All Clean | Pestsaway,pest-controllers,Napier,,,no_website,6,5.0
3021,Ecomist Central,pest-controllers,Palmerston North,,,no_website,6,4.8
2893,A1 Pest Services Otago Ltd,pest-controllers,Dunedin,,,no_website,4,5.0
2739,Pest Control BOP,pest-controllers,Tauranga,,,no_website,4,5.0
4025,Nexus Property Services Ltd,pest-controllers,Invercargill,,,no_website,4,5.0
3906,Four Seasons Pest Service,pest-controllers,Queenstown,,,no_website,4,4.8
4480,"Pest Control Service Whanganui, Wairua Conservation",pest-controllers,Whanganui,,,no_website,2,5.0
4235,Bugs or Us,pest-controllers,Upper Hutt,,,no_website,2,5.0
4481,Buck's Pest Control,pest-controllers,Whanganui,,,no_website,3,4.7
3146,Pest control Hawkes Bay,pest-controllers,Napier,,,no_website,1,5.0
4482,Rabbit Control Service,pest-controllers,Whanganui,,,no_website,1,5.0
2740,Genera Pest Management,pest-controllers,Tauranga,,,no_website,1,5.0
4304,Bipest Services Limited,pest-controllers,Porirua,,,no_website,1,5.0
2425,S A Thelning Brick & Blocklaying Ltd,bricklayers,Christchurch,,,no_website,10,5.0
4323,Strong Foundation Build,bricklayers,Porirua,,,no_website,21,5.0
3048,Leon Walker Builders Ltd,bricklayers,Palmerston North,,,no_website,12,5.0
3658,Classic Builders Whangarei,bricklayers,Whangārei,,,no_website,19,4.7
2600,Singh Bricklaying Limited,bricklayers,Hamilton,,,no_website,8,5.0
3657,Traditional Stoneworks,bricklayers,Whangārei,,,no_website,8,5.0
4155,Shannon Masonry,bricklayers,Lower Hutt,,,no_website,8,4.8
3802,Nelson Bays Masonry Ltd,bricklayers,Nelson,,,no_website,7,5.0
2428,Verheul Stone Ltd,bricklayers,Christchurch,,,no_website,6,5.0
4048,Iconic Building Limited,bricklayers,Invercargill,,,no_website,6,5.0
2921,Hugh Madden Brick & Block Layer,bricklayers,Dunedin,,,no_website,5,5.0
2253,Foundation Bricks and Blocks Limited,bricklayers,Wellington,,,no_website,5,5.0
2771,Thistle Masonry,bricklayers,Tauranga,,,no_website,5,5.0
2070,West Auckland Brick & Blocklayers (2006) Ltd,bricklayers,Auckland,,,no_website,4,5.0
3047,Quality Bricklaying Services,bricklayers,Palmerston North,,,no_website,4,5.0
2069,Auckland Brick and Block,bricklayers,Auckland,,,no_website,3,5.0
